,SKU,SKU Seller,Custo Médio
0,SQ-EFCA-30-PARES,SQ-EFCA-ALEATORIO-30PARES,50.0
1,ME-10-COELHO-CACHORRO-CARAMELO,ME-10-COELHO+CACHORRO CARAMELO-2PAR,20.0
2,MALG-MC-1-PRETO-3-PARES,MALG-MC-1-Preto-40-46*3,12.605400000000001
3,AS-F-6-PARES,AS-F-Kit 6 Pares Sortidos-35-40,28.1275
4,MALG-MC-1-BRANCO-2-PARES,MALG-MC-1-Branco-40-46-2 Pares,8.3602
5,ASA-F-3-PARES,ASA-F*3,15.5805
6,MALG-MC-BRANCO-3-PARES,MALG-MC-Branco-40-46-Kit 3 Pares,12.503700000000002
7,MA-M-PRETO-3-PARES,"MA-M-Preto-40-46
*3",8.7501
8,LG-M10-6-PARES,LG-M-SORTIDOS-6PARES,8.5
9,SP-MC-6-PARES,Kit-6-SP-MC-Sortidas-Kit 6 pares,5.994
10,AS-F-CINZA-FLOCO-DE-NEVE,AS-F-Cinza-Floco-De-Neve-35-40*5,23.433999999999997
11,AS-F-2-PARES,ASA-F*2,9.376000000000001
12,AS-F-3-PARES,AS-F-Kit 3 Pares Sortidos-35-40,14.056500000000002
13,HM-BAF-PRETO-12-PARES,HM-BAF-Preto-12 Pares,64.9992
14,HM-BAF-PRETO-6-PARES,HM-BAF-Preto-6 Pares,32.4996
15,MA-M-PRETO-6-PARES,MA-M-Preto-6 Pares-40-46,17.5002
16,ME-10-5-PARES-ALEATORIOS,ME-10-5 pares no total.-30-38-1 Par,50.0
17,ME-10-CACHORRO-CARAMELO-4-PARES,ME-10-Cachorro- Caramelo-35-40-30-38-4 Pares,40.0
18,ME-10-CACHORRO-ROSA-4-PARES,ME-10-Cachorro-Rosa-35-40-30-38-4 Pares,40.0
19,ME-10-COELHO-3-PARES,ME-10-Coelho-35-40-30-38-3 Pares,30.0
20,ME-10-COELHO-4-PARES,ME-10-Coelho-35-40-30-38-4 Pares,40.0
21,ME-10-UNICORNIO-2-PARES,ME-10-Unicornio-35-40-30-38-2 Pares,20.0
22,ME-10-UNICORNIO-3-PARES,ME-10-Unicornio-35-40-30-38-3 Pares,30.0
23,PEBCN-BBML-2-PARES,PEBCN-BBML-2 Pares-12-24,8.0
24,QS-LM-VC01-2-PARES-ALEATORIOS,QS-LM-VC01-Aleatório-2 PARES,12.0
25,LG-M10-18-PARES,LG-M-SORTIDO-20PARES,25.5
26,HM-BAF-CINZA-6-PARES,HM-BAF-Prateado-6 Pares,32.5002
27,HM-BAF-3-PARES,HM-BAF-Cores Sortidas-3 Pares,16.2498
28,SQ-EFCA-9-PARES,SQ-EFCA-ALEATORIO-9PARES,15.0
29,PER-3D-F-Unicornio-35-40,PER-3D-F-UNICORNIO-1PAR,32.4996
30,PER-3D-F-Coelho-35-40,PER-3D-F-COELHO-1PAR,17.5002
31,PER-3D-M-Robo-35-40,PER-3D-M-ROBO-1PAR,40.0
32,21103-Rosa-34-35,21103-34-35,30.0
33,21104-Off-White-34-35,21104-34-35,30.0
34,21104-Off-White-32-33,21104-32-33,8.0
35,21105-32-33-Roxo,21105-32-33,30.0
36,21105-30-31-Roxo,21105-30-31,18.0
37,21106-Preto-34-35,21106-34-35,66.0
38,21106-Preto-32-33,21106-32-33,32.5002
39,21106-Preto-30-31,21106-30-31,16.2498
40,MALG-M01-AZUL-PRETA-2-PARES,MALG-M01-Azul+Preta-38-46-2 Pares,8.3357
41,MALG-MC-VCERDE-AZUL-2-PARES,MALG-MC-VERDE+AZUL,8.344899999999999
42,QS-LM-VC01-Lavanda-2 PARES,QS-LM-VC01-Lavanda-2 PARES,12.0
43,HM-BAF-Cores Sortidas-12 Pares,HM-BAF-Cores Sortidas-12 Pares,64.9944
44,AS-F-6-PARES-SORTIDOS,AS-F-Kit 6 Pares Sortidos-35-40-6 PARES,28.1308
45,MALG-M01-Cinza+Preto-38-46-2 Pares,MALG-M01-Cinza+Preto-38-46-2 Pares,8.3356
46,MALG-M01-PRETO-BRANCO-2-PARES,MALG-M01-Branco+Preto-38-46-2 Pares,8.3354
47,MALG-M01-PRETO-BRANCO-2-PARES,MALG-M01-Branco+Preto-40-46-2  Pares,8.3354
48,SQ-EMCA-24-PARES,1733691209647883531,40.0
49,ME-10-COELHO-2-PARES,ME-10-COELHO-2PAR,20.0
50,ME-10-COELHO-2-PARES,ME-10-Coelho-33-40-2 par,20.0
51,ME-10-COELHO-2-PARES,ME-10-Coelho-35-40-30-38-2 Pares,20.0
52,ME-10-COELHO-2-PARES,ME-10-COELHO-COELHO ROSA-2PAR,20.0
53,ME-10-CACHORRO-ROSA-2-PARES,ME-10-CACHORRO ROSA-2PAR,20.0
54,ME-10-CACHORRO-ROSA-2-PARES,ME-10-Cachorro-Rosa-35-40-30-38-2 Pares,20.0
55,SQ-EMCA-6-PARES-SORTIDOS,1733691209647883531,10.0
56,HM-BAF-CINZA-3PARES,HM-BAF-Prateado-3 Pares,16.2501
57,MALG-MC-PRETO+AZUL-2PARES,MALG-MC-Preto+Azul-40-46-Kit 2 Pares,8.7426
58,HM-BAF-Rosa-3 Pares,HM-BAF-Rosa-3 Pares,16.2495
59,MALG-M01-BRANCO-2PARES,MALG-M01-Branca-38-46-2 Pares,8.335
60,MALG-M01-Cinza-escuro-2 Pares,MALG-M01-Cinza-escuro-38-46-2 Pares,8.3354
61,MASG-MC-Preto-Kit 6 Pares,MASG-MC-Preto-38-46-Kit 6 Pares,37.4886
62,MASG-MC-Preto-Kit 6 Pares,MASG-MC,37.4886
63,W001-15-35/36,W001-15-35/36,18.642000000000003
64,W001-15-33/34,W001-15-34,12.5034
65,W001-11-39/40,W001-11-40,25.005000000000003
66,W001-11-37/38,W001-11-37,12.5034
67,W001-11-35/36,W001-11-36,18.6504
68,W001-11-33/34,W001-11-33,18.7443
69,W001-11-33/34,W001-11-33,18.7443
70,W001-11-33/34,W001-11-34,18.7443
71,W001-04-39/40,W001-04-40,37.3151
72,W001-04-37/38,W001-04-38,18.6362
73,W001-02-37/38,W001-02-38,12.5229
74,W001-02-35/36,W001-02-35,12.5274
75,W001-02-35/36,W001-02-36,12.5274
76,MALG-MC-1 DE CADA-6PARES,MALG-MC-1 DE CADA-6PARES,25.432699999999997
77,SQ-EFCA-ALEATORIO-6PARES,SQ-EFCA-ALEATÓRIO-6PARES,10.0
78,SQ-EFCA-ALEATORIO-6PARES,SQ-EFCA-ALEATÓRIO-6PARES,10.0
79,SQ-EFCA-ALEATORIO-6PARES,SQ-EFCA-ALEATORIO-6PARES,10.0
80,MALG-MC-PRETO-2PARES,MALG-MC-PRETO-2PARES,9.1366
81,MALG-M01-PRETO+VERDE-2PAR,MALG-M01-Preto+Verde-38-46-2 Pares,8.3357
82,MALG-M01-VERDE+AZUL-2PAR,MALG-M01-Verde+Azul-38-46-2 Pares,8.3356
83,MALG-MC-BRANCO-2PARES,MALG-MC-BRANCO-2PARES,8.3358
84,SQ-EMCA-Chumbo-Cinza-Preta-12PARES,SQ-EMCA-Chumbo-Cinza-Preta-38-46-12 Pares,20.0
85,ME-10-COELHO-COELHO ROSA-2PAR,ME-10-COELHO-COELHO-ROSA-2PAR,20.0
86,HM-BAF-PRETO-3PARES,HM-BAF-Preto-35-41*3,16.2498
87,HM-BAF-PRETO-3PARES,HM-BAF-Preto-3 Pares,16.2498
88,HM-BAF-SORTIDA-6PARES,HM-BAF-Cores Sortidas-6 Pares,32.4966
89,PC-SQ-EMCA,PC-SQ-EMCA,20.0
90,QS-LM-M02-CHUMBO-CHUMBO,QS-LM-M02-Chumbo+Chumbo,12.0
91,MALG-MC-PRETO-3-PARES,MALG-MC-Preto-40-46-Kit 3 Pares,13.704899999999999
92,MALG-MC-PRETO-3-PARES,MALG-MC -Preto-40-46*3,13.704899999999999
93,MALG-MC-BRANCO-6-PARES,MALG-MC-Branco-40-46-Kit 6 Pares,25.007400000000004
94,MA-M-BRANCO-6-PARES,MA-M-Branco-6 Pares-40-46,17.499000000000002
95,QS-LM-M02-BRANCA-CINZA,QS-LM-M02-Branca+Cinza-37-42,12.0
96,ME-10-SEREIA-UNICORNIO,ME-10-SEREIA+UNICORNIO-1PAR,20.0
97,ME-10-CORRIDA-ROBO-2-PARES,ME-10-CORRIDA+ROBO-2PAR,20.0
98,MALG-MC-PRETO-6-PARES,MALG-MC-Preto-40-46-Kit 6 Pares,27.409799999999997
99,MALG-MC-PRETO-6-PARES,MALG-MC-Preto-40-46-Kit 6 Pares,27.409799999999997
100,MALG-MC-VERMELHO-PRETO,MALG-MC-PRETO+VERMELHO-2PARES,8.7441
101,MALG-MC-PRETO-BRANCO,MALG-MC-PRETO+BRANCO-2PARES,8.7362
102,MALG-MC-AZUL-6-PARES,MALG-MC-Azul-40-46-Kit 6 Pares,25.0458
103,MALG-MC-3-CORES-ALEATORIAS,MALG-MC-ALEATÓRIO-3PARES,12.5143
104,MALG-MC -Vermelho-40-46-6pc,MALG-MC-Vermelho-40-46-Kit 6 Pares,25.0548
105,21082-37-38,21082-37,25.007400000000004
106,ME-10-CORRIDA-SHARK-ROBO-3PARES,ME-10-CORRIDA-SHARK-ROBO-3PAR,30.0
107,21079-35-36,21079-35,16.6716
108,21079-35-36,21079-36,16.6716
109,21079-35-36,21079-37,16.6716
110,ME-10-2-PARES-MASCULINO-SORTIDO,ME-10-2PARES-SORTIDA-MASCU,20.0
111,ME-10-ESQUILO*2,1733691090775409931,20.0
112,ME-10-ESQUILO*2,ME-10-Esquilo-32-40-2 Pares,20.0
113,QS-LM-M02-Chumbo+Cinza,QS-LM-M02-Cinza+Chumbo-37-42,12.0
114,ME-10-DOCE*2,1733691090775409931,20.0
115,ME-10-DOCE*2,ME-10-Doce-33-40-2 par,20.0
116,ME-10-DOCE*2,ME-10-Doce-32-40-2 Pares,20.0
117,MASG-MC-Vermelho-38-46-Kit-3-Pares,MASG-MC-Vermelho-38-46-Kit 3 Pares,18.6621
118,MASG-MC-Vermelho-38-46-Kit-3-Pares,MASG-MC-Vermelho-38-46-Kit 3 Pares,18.6621
119,QS-LM-M02-Preto+Preto-37-42,QS-LM-M02-Preto+Preto,12.0
120,QS-LM-M02-Preto+Preto-37-42,QS-LM-M02-Preto+Preto-37-42,12.0
121,MA-M-Preto-4 Pares-40-46,MA-M-Preto-4 Pares-40-46,11.6668
122,MA-M-Preto-4 Pares-40-46,MA-M-Preto-40-46-4 Pares,11.6668
123,MA-M-Preto-4 Pares-40-46,MA-M-Preto-4 Pares-40-46,11.6668
124,ME-10-CACHORRO-CARAMELO-KIT-2-PARES,1733691090775409931,20.0
125,ME-10-CACHORRO-CARAMELO-KIT-2-PARES,ME-10-Cachorro- Caramelo-35-40-30-38-2 Pares,20.0
126,MASG-MC-Azul Escuro-38-46-Kit 12 Pares,MASG-MC-Azul Escuro-38-46-Kit 12 Pares,74.6016
127,21077-39-40,21077-39-40,74.9772
128,21077-39-40,21077-39-40,74.9772
129,21077-39-40,21077-39-40,74.9772
130,21077-39-40,21077-39-40,74.9772
131,21077-39-40,1734161991943423243,74.9772
132,21077-39-40,1734161991943423243,74.9772
133,MASG-MC-Branco-38-46-Kit 3 Pares,MASG-MC-Branco-38-46-Kit 3 Pares,18.5961
134,MA-M-Preto+Branco-2 Pares-40-46,MA-M-Preto+Branco-40-46-2 Par,5.8332
135,MA-M-Preto+Branco-2 Pares-40-46,MA-M-Preto+Branco-2 Pares-40-46,5.8332
136,MASG-MC-Branco-38-46-Kit 6 Pares,MASG-MC-Branco-38-46-Kit 6 Pares,37.1922
137,MASG-MC-Azul Escuro-38-46-Kit 6 Pares,MASG-MC-Azul Escuro-38-46-Kit 6 Pares,37.3008
138,MASG-MC-Azul-38-46-Kit 6 Pares,MASG-MC-Azul-38-46-Kit 6 Pares,37.284000000000006
139,MALG-MC-Branco-40-46-Kit 12 Pares,MALG-MC-Branco-40-46-Kit 12 Pares,50.01480000000001
140,QS-LM-M02-Branca+Branca-37-42,QS-LM-M02-Branca+Branca-37-42,12.0
141,QS-LM-M02-Branca+Branca-37-42,01-QS-LM-02-BRANCO,12.0
142,ME-10-Sereia-35-40,ME-10-SEREIA,12.0
143,ME-10-Sereia-35-40,ME-10-Sereia-35-40,12.0
144,QS-LM-M02-Chumbo+Branco,QS-LM-M02-Chumbo-Branco-40-46,12.0
145,QS-LM-M02-Chumbo+Branco,QS-LM-M02-Chumbo+Branco,12.0
146,QS-LM-M02-Chumbo+Branco,QS-LM-M02-Branca+Chumbo-37-42,12.0
147,ME-10-1 De cada total 3-32-40-3 Pares,ME-10-3PARES-ALEATÓRIO-FEMININO,30.0
148,ME-10-1 De cada total 3-32-40-3 Pares,ME-10-1 DE CADA 3 TOTAL,30.0
149,ME-10-1 De cada total 3-32-40-3 Pares,ME-10-1 De cada total 3-32-40-3 Pares,30.0
150,ME-10-1 De cada total 3-32-40-3 Pares,ME-10-1 De cada total 3-32-40-3 Pares,30.0
151,ME-10-1 De cada total 3-32-40-3 Pares,ME-10-1 De cada total 3-32-40-3 Pares,30.0
152,MALG-M01-5-CORES,MALG-M01-Preta-38-46-5 Pares,20.8387
153,MALG-M01-5-CORES,MALG-M01-5 Cores-38-46-5 Pares,20.8387
154,QS-LM-M02-Preto+Chumbo-37-42,QS-LM-M02-Chumbo+Preto,12.0
155,QS-LM-M02-Preto+Chumbo-37-42,QS-LM-M02-Preto+Chumbo-37-42,12.0
156,QS-LM-M02-Preto+Cinza-37-42,QS-LM-M02-Cinza+Preto,12.0
157,QS-LM-M02-Preto+Cinza-37-42,QS-LM-M02-Preto+Cinza-37-42,12.0
158,LG-M10-Cinza-Branca-Chumbo-38-46,LG-M01-Kit 3 Pares Cinza-Branco-Chumbo-40-46,12.0
159,LG-M10-Cinza-Branca-Chumbo-38-46,LG-M01-Kit 3 Pares Cinza-Branco-Chumbo-40-46,12.0
160,LG-M10-Chumbo-Preta-Cinza-38-46,LG-M01-Kit 3 Pares Chumbo-Preto-Cinza-40-46,12.503700000000002
161,LG-M10-Chumbo-Preta-Cinza-38-46,LG-M10-Chumbo-Preta-Cinza-38-46,12.503700000000002
162,LG-M10-Preta-Chumbo-Branca-38-46,LG-M01-Kit 3 Pares Preto-Chumbo-Branco-40-46,8.3358
163,LG-M10-Preta-Chumbo-Branca-38-46,LG-M10-Preta-Chumbo-Branca-38-46,8.3358
164,SQ-EFCA02-Branco-Rosa-Preto-35-40,SQ-EFCA-Cores Sortidas-34-40-3 Pares,2.5
165,MASG-MC-BRANCO-38-46-KIT-12-PARES,MASG-MC-Branco-38-46-Kit 12 Pares,74.3844
166,QS-LM-M02-KIT-6-PARES-CORES-SORTIDAS-37-42,QS-LM-M02-Kit 6 Pares Cores Sortidas-37-42,36.0
167,QS-LM-M02-Preto+Branco,QS-LM-M02-Preto-Branco-40-46,12.0
168,QS-LM-M02-Preto+Branco,QS-LM-M02-Preto+Branco,12.0
169,QS-LM-M02-Preto+Branco,QS-LM-M02-Preto+Branco-37-42,12.0
170,QS-LM-M02-Preto+Branco,02-QS-LM-02-PRETO-BRANCO,12.0
171,SPTD-FP-Preto-35-40-KIT-6-PARES,SPTD-FP-Preto-35/40-Kit 6 Pares,7.5
172,SPTD-FP-Preto-35-40-KIT-6-PARES,SPTD-FP-Preto-35/40-Kit 6 Pares,7.5
173,MALG-M01-3 Cores-38-46-3 Pares,MALG-M01-3 Cores-38-46-3 Pares,12.5031
174,MALG-M01-3 Cores-38-46-3 Pares,MALG-M01-3 Cores-40-46,12.5031
175,21081-35-36,21081-35,3.7416
176,MASG-MC-Azul-38-46-Kit 3 Pares,MASG-MC-Azul-38-46-Kit 3 Pares,18.642000000000003
177,MALG-M01-Azul-38-46-3 Pares,MALG-M01-Azul-38-46-3 Pares,12.5034
178,MALG-M01-Branca-38-46-6 Pares,MALG-M01-Branca-38-46-6 Pares,25.005000000000003
179,MALG-M01-Verde-38-46-3 Pares,MALG-M01-Verde-38-46-3 Pares,12.5034
180,MASG-MC-Azul Escuro-38-46-Kit 3 Pares,MASG-MC-Azul Escuro-38-46-Kit 3 Pares,18.6504
181,MASG-MC-Azul Escuro-38-46-Kit 3 Pares,MASG-MC,18.6504
182,MASG-MC-Preto-38-46-Kit 3 Pares,MASG-MC-Preto-38-46-Kit 3 Pares,18.7443
183,21080-37-38,21080-37,15.0
184,21080-37-38,21080-38,15.0
185,21028-37,21028-37,15.9996
186,21028-37,21027-Rosa-37CH-35BR,15.9996
187,21013-45,21013-45,50.865399999999994
188,21013-45,21013-45,50.865399999999994
189,21013-45,21013-45,50.865399999999994
190,21013-45,21013-45,50.865399999999994
191,21013-45,21013,50.865399999999994
192,21013-44,21013-44,45.0
193,21013-44,21013-44,45.0
194,21013-44,21013,45.0
195,21013-43,21013-43,15.9996
196,21013-43,21013-43,15.9996
197,21013-43,21013-43,15.9996
198,21013-43,21013,15.9996
199,21013-42,21013-42,39.0
200,21013-42,21013-42,39.0
201,21013-42,21013-42,39.0
202,21013-42,21013-42,39.0
203,21013-42,21013-42,39.0
204,21013-42,21013,39.0
205,21013-41,21013-41,2.4944
206,21013-41,21013-41,2.4944
207,21013-41,21013-44,2.4944
208,21013-41,21013,2.4944
209,21013-41,21013-41,2.4944
210,HM-BAF-Cinza-35-41,HM-BAF-Prateado-1 Par,50.4014
211,HM-BAF-Cinza-35-41,HM-BAF-Prateado-1 Par,50.4014
212,HM-BAF-Cinza-35-41,HM-BAF-Prateado-12 Pares,50.4014
213,MALG-M01-Azul-40-46,MALG-M01-Azul-38-46-1 Par,126.0
214,MALG-M01-Azul-40-46,MALG-M01-Azul-40-46,126.0
215,MALG-M01-Verde -40-46,MALG-M01-Verde-38-46-1 Par,126.0
216,MALG-M01-Verde -40-46,MALG-M01- VERDE,126.0
217,PEBCN-BBML-12-24-Cor-Sortida,PEBCN-BBML 12-24-12-24,30.0
218,MASG-MC-Cores Sortidas-38-46*6,MASG-MC-Cores Sortidas-38-46-Kit 6 Pares,37.3151
219,MASG-MC-Cores Sortidas-38-46*3,MASG-MC-ALEATORIO-3PAR,18.6362
220,MASG-MC-Cores Sortidas-38-46*3,MASG-MC-Cores Sortidas-38-46-Kit 3 Pares,18.6362
221,MALG-MC-LARANJA-3-PARES,MALG-MC-Laranja-40-46-Kit 3 Pares,12.5274
222,MALG-MC-LARANJA-3-PARES,MALG-MC-Laranja-40-46-Kit 3 Pares,12.5274
223,MALG-MC-VERDE-3-PARES,MALG-MC-Verde-40-46-Kit 3 Pares,12.511800000000001
224,MALG-M01-2PRETO-1CINZA,MALG-M01-2PRETO-1CINZA,12.5035
225,MALG-M01-2PRETO-1CINZA,MALG-M01-2 Preto 1 Cinza-38-46,12.5035
226,MALG-M01-2PRETO-1CINZA,MALG-M01-2 Preto 1 Cinza-38-46-3 Pares,12.5035
227,MALG-MC -Azul -40-46--3PC,MALG-MC-Azul-40-46-Kit 3 Pares,12.5229
228,MALG-MC -Azul -40-46--3PC,MALG-MC-Azul-40-46-Kit 3 Pares,12.5229
229,MALG-MC -Vermelho-40-46-3pc,MALG-MC-Vermelho-40-46-Kit 3 Pares,12.5274
230,MALG-M01-Preto-40-46-3pc,MALG-M01-Preto-40-46*3,12.503700000000002
231,MALG-M01-Preto-40-46-3pc,MALG-M01-Preto-37-46-3 Pares,12.503700000000002
232,21011-45,21011-45,30.0
233,21011-45,21011-45,30.0
234,21011-45,21011-45,30.0
235,21011-45,21011-45,30.0
236,21011-45,21011-45,30.0
237,21011-44,21011-44,30.0
238,21011-44,21011-44,30.0
239,21011-44,21009-44,30.0
240,21011-44,21011-44,30.0
241,21011-43,21011-43,56.2392
242,21011-43,21011-43,56.2392
243,21011-43,21011-43,56.2392
244,21011-43,21011-43,56.2392
245,21011-42,21011-42,17.0
246,21011-42,21011-42,17.0
247,21011-42,21011-42,17.0
248,21011-41,21011-41,17.0
249,21011-41,21011-41,17.0
250,21011-41,21011-41,17.0
251,21011-40,21011-40,74.7202
252,21011-40,21011-40,74.7202
253,21011-40,21011-40,74.7202
254,21011-40,21011-40,74.7202
255,21009-45,21009-45,34.9987
256,21009-45,21009-45,34.9987
257,21009-45,21009-45,34.9987
258,21009-45,21009-45,34.9987
259,21009-44,21009-44,27.999599999999997
260,21009-44,21009-44,27.999599999999997
261,21009-44,21009-44,27.999599999999997
262,21009-44,21009-44,27.999599999999997
263,21009-43,21009-43,15.0
264,21009-43,21009-43,15.0
265,21009-43,21009-43,15.0
266,21009-43,21009-43,15.0
267,21009-42,21009-42,15.0
268,21009-42,21009-42,15.0
269,21009-42,21009-42,15.0
270,21009-42,21009-42,15.0
271,21009-41,21009-41,96.0
272,21009-41,21009-41,96.0
273,21009-41,21009-41,96.0
274,21009-41,21009-41,96.0
275,21009-40,21009-40,12.999599999999997
276,21009-40,21009-40,12.999599999999997
277,21009-40,21009-40,12.999599999999997
278,21009-40,21009-40,12.999599999999997
279,21010-45,21010-45,15.0
280,21010-45,21010-45,15.0
281,21010-45,21010-45,15.0
282,21010-44,21010-44,90.0
283,21010-44,21010-44,90.0
284,21010-43,21010-43,12.0
285,21010-43,21010-43,12.0
286,21010-42,21010-42,18.3332
287,21010-42,21010-42,18.3332
288,21010-42,21010-42,18.3332
289,21010-41,21010-41,20.774
290,21010-41,21010-41,20.774
291,21010-41,21010-41,20.774
292,21010-40,21010-40,14.0
293,21010-40,21010-40,14.0
294,21010-40,21010-40,14.0
295,B004,--B004-1 Pacotinho,13.0
296,B003,--B003-1 Pacotinho,13.3332
297,MALG-M01-Preto-40-46*6,MALG-M01-Preta-38-46-6 Pares,25.007400000000004
298,MALG-M01-Preto-40-46*4,MALG-M01-Preto-40-46*4,16.6716
299,MALG-M01-Preto-40-46*4,MALG-M01-Preto-40-46*4,16.6716
300,21072-37/38,21072,15.0
301,21072-35/36,21072,12.5
302,21030-Bege-41,21030-41,23.0
303,21030-Bege-41,21030-41,23.0
304,21030-Bege-40,21030-40,23.0
305,21030-Bege-37,21030-37,25.0
306,21030-Bege-36,21030-36,3.0
307,21002-41,21002-41,24.0
308,21002-40,21002-40,24.0
309,21002-39,21002-39,24.0
310,21002-38,21002-38,24.0
311,21002-38,21002-38,24.0
312,21002-37,21002-37,24.0
313,21002-37,21002-37,24.0
314,21002-36,21002-36,6.0
315,21002-36,21002-36,6.0
316,21001-41,21001-41,6.0
317,21001-40,21001-40,6.0
318,21001-39,21001-39,6.0
319,21001-38,21001-38,6.0
320,21001-37,21001-37,6.0
321,21001-36,21001-36,6.0
322,21001-36,21001-36,6.0
323,21003-41,21003-41,6.0
324,21003-40,21003-40,6.0
325,21003-40,21003-40,6.0
326,21003-39,21003-39,6.0
327,21003-39,21003-39,6.0
328,21003-38,21003-38,6.0
329,21003-38,21003-38,6.0
330,21003-38,21003-38,6.0
331,21003-37,21003-37,6.0
332,21003-36,21003-36,6.0
333,21003-36,21003-36,6.0
334,21008-41,21008-41,6.0
335,21008-41,21008-41,6.0
336,21008-41,21011-41,6.0
337,21008-41,21006-42,6.0
338,21008-41,21008-41,6.0
339,21008-40,21008-40,6.0
340,21008-40,21008-40,6.0
341,21008-40,21008-40,6.0
342,21008-40,21008-40,6.0
343,21008-39,21008-39,6.0
344,21008-39,21008-39,6.0
345,21008-39,21008-39,6.0
346,21008-39,21008-39,6.0
347,21008-38,21008-38,6.0
348,21008-38,21008-38,6.0
349,21008-38,21008-38,6.0
350,21008-38,21008-38,6.0
351,21008-37,21008-37,6.0
352,21008-37,21008-37,6.0
353,21008-37,21008-37,6.0
354,21008-37,21008-37,6.0
355,21008-36,21008-36,6.0
356,21008-36,21008-36,6.0
357,21008-36,21008-36,6.0
358,21008-36,21008-36,6.0
359,21006-41,21006-41,6.0
360,21006-41,21006-41,6.0
361,21006-41,21006-41,6.0
362,21006-40,21006-40,6.0
363,21006-40,210007-40,6.0
364,21006-40,21006-40,6.0
365,21006-39,21006-39,6.0
366,21006-39,21006-39,6.0
367,21006-39,21006-39,6.0
368,21006-39,21006-39,6.0
369,21006-38,21006-38,6.0
370,21006-38,21006-38,6.0
371,21006-38,21006-38,6.0
372,21006-38,21006-38,6.0
373,21006-37,21006-37,6.0
374,21006-37,21006-37,6.0
375,21006-37,21006-37,6.0
376,21006-37,21006-37,6.0
377,21006-36,21006-36,6.0
378,21006-36,21006-36,6.0
379,21006-36,21006-36,6.0
380,21006-36,21006-36,6.0
381,21007-41,21007-41,6.0
382,21007-41,21007-41,6.0
383,21007-41,21007-41,6.0
384,21007-41,21007-41,6.0
385,21007-40,21007-40,6.0
386,21007-40,21007-40,6.0
387,21007-40,21007-40,6.0
388,21007-40,21007-40,6.0
389,21007-39,21007-39,6.0
390,21007-39,21030-39,6.0
391,21007-39,21007-39,6.0
392,21007-39,21007-39,6.0
393,21007-39,21007-39,6.0
394,21007-38,21007-38,6.0
395,21007-38,21030-38,6.0
396,21007-38,21007-38,6.0
397,21007-38,21007-38,6.0
398,21007-38,21007-38,6.0
399,21007-37,21007-37,6.0
400,21007-37,21007-37,6.0
401,21007-37,21007-37,6.0
402,21007-37,21007-37,6.0
403,21007-36,21007-36,6.0
404,21007-36,21007-36,6.0
405,21007-36,21007-36,6.0
406,21007-36,21007-36,6.0
407,MASG-MC-Preto-38-46-Kit 12 Pares,MASG-MC-Preto-38-46-Kit 12 Pares,74.9772
408,21082-39-40,21082-39,6.0
409,21082-39-40,21082-40,6.0
410,21080-39-40,21080-39,6.0
411,21080-39-40,21080-40,6.0
412,21077-37-38,21077-37-38,16.0
413,21077-37-38,21077-37-38,16.0
414,21077-37-38,21077-37-38,16.0
415,21077-37-38,21077-37-38,16.0
416,21077-37-38,1734161991943423243,16.0
417,21077-37-38,1734161991943423243,16.0
418,21077-35-36,21077-35-36,16.0
419,21077-35-36,21077-35-36,16.0
420,21077-35-36,21077-35-36,16.0
421,21077-35-36,21077-35-36,16.0
422,21077-35-36,1734161991943423243,16.0
423,21077-35-36,1734161991943423243,16.0
424,21012-45,21012-45,6.0
425,21012-45,21012-45,6.0
426,21012-45,21012-45,6.0
427,21012-45,21012,6.0
428,21012-44,21012-44,6.0
429,21012-43,21012-43,3.0
430,21012-43,21012-43,3.0
431,21012-43,21012,3.0
432,21012-42,21012-42,3.0
433,21012-42,21012-42,3.0
434,21012-42,21012,3.0
435,21012-40,21012-40,16.0
436,21012-40,21012-40,16.0
437,21012-40,21012-40,16.0
438,23316,--23316-1 Pacotinho,16.0
439,21079-39-40,21079-35,16.0
440,21079-39-40,21079-40,16.0
441,21027-41,21027-Preto-41CH-39BR,16.0
442,21027-41,21027-41,16.0
443,21027-39,21027-Preto-39CH-37BR,16.0
444,21027-37,21029-37,16.0
445,21014-45,21014-45,16.0
446,21014-45,21014-45,16.0
447,21014-45,21014,16.0
448,21014-40,21014-40,16.0
449,21014-40,21014-40,16.0
450,21014-40,21014-40,16.0
451,21014-44,21014-44,16.0
452,21014-44,21014-44,16.0
453,21014-44,21014-44,16.0
454,21014-44,21014,16.0
455,21014-43,21014-43,16.0
456,21014-43,21014-43,16.0
457,21014-43,21014-43,16.0
458,21014-43,21014,16.0
459,21014-41,21014-41,16.0
460,21014-41,21014,16.0
461,21014-41,21014-41,16.0
462,PEBCN-BBFL-12-24,PEBCN-BBFL-12-24,16.0
463,QS-LM-F02-35-40-Verde*2,QS-LM-F02-Verde Gradiente-35-42-2 Pares,12.0
464,QS-LM-F02-35-40-Azul*2,QS-LM-F02-Azul Gradiente-35-42-2 Pares,12.0
465,QS-LM-F02-35-40-Azul*2,QS-LM-F02-Azul Gradiente-35-42-2 Pares,12.0
466,QS-LM-F02-35-40-Amarelo*2,QS-LM-F02-Amarelo Gradiente-35-42-2 Pares,12.0
467,CK-21016-MARROM-46/47,CK-21016-MARROM-46/47,16.0
468,CK-21016-MARROM-46/47,21016,16.0
469,CK-21016-MARROM-46/47,CK-21016-MARROM-46/47,16.0
470,CK-21016-MARROM-44/45,CK-21016-MARROM-44/45,16.0
471,CK-21016-MARROM-42/43,CK-21016-MARROM-42/43,16.0
472,CK-21017-BRANCO-46/47,CK-21017-BRANCO-46/47,16.0
473,CK-21015-PRETO-40/41,21015,25.0
474,CK-21015-PRETO-46/47,21015,25.0
475,CK-21015-PRETO-46/47,21015,25.0
476,CK-21015-PRETO-44/45,CK-21015-PRETO-44/45,25.0
477,ME-10-Corrida-35-40,ME-10-Corrida-35-40,25.0
478,ME-10-Robô-35-40,ME-10-Robô-35-40,25.0
479,ME-10-Robô-35-40,ME-10-ROBO-1PAR,25.0
480,ME-10-Cachorro-Bulldog-35-40,ME-10-Cachorro-Bulldog-35-40,25.0
481,ME-10-Cachorro-Bulldog-35-40,ME-10-Bull Dog-33-40-1 Par,25.0
482,ME-10-Cachorro-Bulldog-35-40,ME-10-dog-35-40,25.0
483,ME-10-Tubarão-35-40,ME-10-Tubarão-35-40,11.0
484,ME-10-Tubarão-35-40,ME-10-SHARK-1PAR,11.0
485,ME-10-Tubarão-35-40,ME-10-Shark-33-40-1 Par,11.0
486,ME-10-Esquilo-35-40,ME-10-Esquilo-35-40,11.0
487,ME-10-Esquilo-35-40,ME-10-Esquilo-33-40-1 Par,11.0
488,ME-10-Esquilo-35-40,ME-10-Esquilo-32-40-1 Par,11.0
489,ME-10-Esquilo-35-40,ME-10-Esquilo-32-40-1 Par,11.0
490,ME-10-Coelho-Rosa-35-40,ME-10-Coelho-Rosa-35-40,11.0
491,ME-10-Coelho-Rosa-35-40,ME-10-COELHO-ROSA,11.0
492,ME-10-Cachorro-Laço-35-40,ME-10-Cachorro-Laço-35-40,11.0
493,ME-10-Cachorro-Laço-35-40,ME-10-CACHORRO LAÇO-1PAR,11.0
494,ME-10-Doce-35-40,ME-10-Doce-35-40,11.0
495,ME-10-Doce-35-40,ME-10-DOCE-1 PAR,11.0
496,ME-10-Doce-35-40,ME-10-Doce-32-40-1 Par,11.0
497,ME-10-Doce-35-40,ME-10-Doce-32-40-1 Par,11.0
498,ME-10-Bailarina-35-40,ME-10-Bailarina-35-40,11.0
499,ME-10-Bailarina-35-40,ME-10-Bailarina-35-40,11.0
500,MALG-M01-Preto-40-46*3,MALG-M01-Preta-38-46*3,12.503700000000002
501,MALG-M01-Preto-40-46*3,MALG-M01-Preta-38-46-3 Pares,12.503700000000002
502,MALG-M01-Preto-40-46*3,"MALG-M01-Preto-40-46
*3",12.503700000000002
503,MALG-M01-Preto-40-46*2,MALG-M01-Preta-38-46-2 Pares,8.3358
504,MALG-M01-Preto-40-46*2,MALG-M01-Preto-40-46*2,8.3358
505,MALG-M01-Preto-40-46*2,MALG-M01-Preto-40-46*2,8.3358
506,MALG-M01-Branco-40-46*3,MALG-M01-Branca-38-46*3,12.502500000000001
507,MALG-M01-Branco-40-46*3,MALG-M01-Branca-38-46-3 Pares,12.502500000000001
508,MALG-M01-Branco-40-46*3,MALG-M01-Branco-38-46-3 Pares,12.502500000000001
509,MALG-M01-Cinza-40-46*3,1733876668711142667,12.5031
510,MALG-M01-Cinza-40-46*3,MALG-M01-Cinza-escuro-40-46,12.5031
511,MALG-M01-Cinza-40-46*3,MALG-M01-Cinza-escuro-38-46,12.5031
512,MALG-M01-Cinza-40-46*3,MALG-M01-Cinza-escuro-38-46-3 Pares,12.5031
513,MALG-M01-Cinza-40-46*3,MALG-M01-Cinza-40-46*3pc,12.5031
514,SPS-M01-Branco-35-40*2,SPS-M01-Preto-35-40*2,2.5
515,SPS-M01-Preto-35-40*3,SPS-M01-Preto-35-40*3,3.7416
516,SPS-M01-Preto-35-40*2,SPS-M01-Preto-35-40*2,2.4944
517,PC-INL-C,PC-INL-C,39.0
518,SPT-MGC,SPT-MGC,11.0
519,SPT-MGC,SPT-MGC,11.0
520,PC-SP-MC,Kit-12-SP-MC-Sortidas-Kit 12 pares,35.964
521,SP-MC,SP-MC-Sortidas-Kit 3 Pares,11.0
522,SPS-M01-Cinza-35-40,SPS-M01-Cinza-35-40,11.0
523,SPS-M01-Cinza-35-40,SPS-M01-Cinza-35-40,11.0
524,SPS-M01-Preto-35-40,SPS-M01-Preto-35-40,27.0
525,SPS-M01-Branco-35-40,SPS-M01-Branco-35-40,27.0
526,SPS-M01-Branco-35-40,SPS-M01-Branco-35-40,27.0
527,23319,--23319-2 Pacotinho,25.0
528,PC-MALG-MC,MALG-MC-Cores Sortidas-40-46-Kit 12 Pares,50.865399999999994
529,21013-40,21013-38,27.0
530,21013-40,21013-40,27.0
531,21013-40,21013-40,27.0
532,21013-40,21013-40,27.0
533,21013-40,21013-40,27.0
534,21013-40,21013-40,27.0
535,21012-41,21012-41,18.0
536,21012-41,21012-41,18.0
537,21012-41,21012,18.0
538,21012-41,21012-41,18.0
539,21014-42,21014-42,18.0
540,21014-42,21014-42,18.0
541,21014-42,21014-42,18.0
542,21029-36,21029-36,18.0
543,21029-36,21029-36,18.0
544,21028-41,21028-41,18.0
545,21028-41,21028-41,18.0
546,21027-36,21027-36,18.0
547,21027-36,21027-36,18.0
548,21027-36,21027-36,18.0
549,21025-30-31,21025-30-31,25.0
550,21024-30-31,21024-30-31,5.4167
551,21023-34-35,21023-34-35,4.1678
552,21081-37-38,21081-37,4.0
553,21081-37-38,21081-38-,4.0
554,21079-37-38,21079-38,5.6667
555,FS-108-220V-Azul,FS-108-220V-Azul,5.6667
556,FS-108-220V-Azul,FS-108-220V-Verde,5.6667
557,FS-108-220V-Verde,FS-108-220V-Verde,5.6667
558,FS-108-220V-Verde,FS-108-220V-Verde,5.6667
559,FS-108-220V-Verde,MLB6058909960,5.6667
560,FS-108-110V-Azul,FS-108-110V-Azul,5.6667
561,FS-108-110V-Verde,FS-108-110V-Verde,5.6667
562,FS-108-110V-Verde,FS-108-110V-Verde,5.6667
563,FS-108-110V-Verde,FS-108-110V-Verde,5.6667
564,BCN-BBGF,BCN-BBGF,5.6667
565,BCN-BBGM-12-24,BCN-BBGM-12-24,25.0
566,NAT-INMD-4-6,NAT-INMD-4-6,25.0
567,NAT-INMD-4-6,NAT-INMD-4-6,25.0
568,NAT-INMD-4-6,NAT-INMD-4-6,25.0
569,NAT-PEBCN-0-12,NAT-PEBCN-0-12,25.1471
570,NAT-PEBCN-0-12,NAT-PEBCN-0-12,25.1471
571,NAT-PEBCN-0-12,NAT-PEBCN-0-12,25.1471
572,NAT-PEBCN-0-12,NAT-PEBCN-0-12,25.1471
573,PC-QS-LM-VC01,PC-QS-LM-VC01,72.0
574,PC-QS-LM-VC01,PC-QS-LM-VC01,72.0
575,PC-QS-LM-VC01,PC-QS-LM-VC01,72.0
576,PC-QS-LM-F02,PC-QS-LM-F02,72.0
577,PC-QS-LM-F02,PC-QS-LM-F02,72.0
578,PC-QS-LM-F02,QS-LM-F02-Aleatório-35-42-12 Pares,72.0
579,PC-AS-F,AS-F-Kit 12 Pares Sortidos-35-40,56.2392
580,PC-AS-F,AS-F-Kit 12 Pares Sortidos-35-40,56.2392
581,PC-MASG-MC,MASG-MC-Cores Sortidas-38-46-Kit 12 Pares,74.7202
582,PC-MASG-MC,MASG-MC-Cores Sortidas-38-46-Kit 12 Pares,74.7202
583,PC-MA-M,PC-MA-M,34.9987
584,PC-MA-M,PC-MA-M,34.9987
585,PC-CA-FX01,PC-CA-FX01,96.0
586,LS-003-Bege,LS-003-Bege,25.0
587,LS-003-Bege,LS-003-Bege,25.0
588,LS-003-Azul,LS-003-Azul,25.1429
589,LS-003-Azul,LS-003-Azul,25.1429
590,LS-003-Preta,LS-003-Preta,27.5
591,LS-003-Preta,LS-003-Preta,27.5
592,PC-LS-002,PC-LS-002,57.0
593,PC-LS-001,PC-LS-001,54.0
594,LS-002-Bege,LS-002-Bege,25.0
595,LS-002-Bege,LS-002-Bege,25.0
596,LS-002-Azul,LS-002-Azul,25.0
597,LS-002-Azul,LS-002-Azul,25.0
598,LS-002-Preta,LS-002-Preta,25.0
599,LS-002-Preta,LS-002-Preta,25.0
600,LS-001-Preta,LS-001-Preta,25.2632
601,LS-001-Preta,LS-001-Preta,25.2632
602,LS-001-Preta,LS-001-Preta,25.2632
603,LS-001-Azul,LS-001-Azul,25.0981
604,LS-001-Azul,LS-001-Azul,25.0981
605,LS-001-Bege,LS-001-Bege,25.0
606,LS-001-Bege,LS-001-Bege,25.0
607,PC-SPTD-FP,PC-SPTD-FP,15.0
608,PC-JSQ-BP,PC-JSQ-BP,11.5
609,CA-FX01-Preta-Branca-35-40,CA-FX01-Preta/Branca-35-40,27.0
610,SQ-M19-Cinza-Preta-Chumbo-40-46,SQ-M19-Cinza-Preta-Chumbo-40-46,27.0
611,SQ-M19-Cinza-Preta-Chumbo-40-46,SQ-M19-Cinza-Preta-Chumbo-40-46,27.0
612,SQ-M19-Preta-Chumbo-Branca-40-46,SQ-M19-Preta-Chumbo-Branca-40-46,33.0
613,SQ-M19-Preta-Chumbo-Branca-40-46,SQ-M19-Preta-Chumbo-Branca-40-46,33.0
614,SQ-M19-Chumbo-Branca-Cinza-40-46,SQ-M19-Chumbo-Branca-Cinza-40-46,33.0
615,SQ-M19-Chumbo-Branca-Cinza-40-46,SQ-M19-Chumbo-Branca-Cinza-40-46,33.0
616,SQ-M19-Branca-Cinza-Preta-40-46,SQ-M19-Branca-Cinza-Preta-40-46,33.0
617,SQ-M19-Branca-Cinza-Preta-40-46,SQ-M19-Branca-Cinza-Preta-40-46,33.0
618,SP-MB-40-46,SP-MB-40-46,27.0
619,JS-B-31-35,JS-B-31-35,27.0
620,INLG-B-15-19,INLG-B-15-19,27.0
621,INLG-B-15-19,INLG-B-15-19,27.0
622,SPT-RF07,SPT-RF07,33.0
623,SQ-EFC01-35-40,SQ-EFC01-35-40,33.0
624,SQ-FB-35-40,SQ-FB-35-40,30.0
625,SPTD-FP-35-40,SPTD-FP-Preto-35/40-Kit 3 Pares,30.0
626,SPT-FGD-03-35-40,SPT-FGD-03-35-40,30.0
627,SQ-EMCA-Branco-Chumbo-Cinza-40-46,SQ-EMCA-Branco-Chumbo-Cinza-40-46,30.0
628,SQ-EMCA-Branco-Chumbo-Cinza-40-46,SQ-EMCA-Branco-Chumbo-Cinza-40-46,30.0
629,SQ-EMCA-Branco-Chumbo-Cinza-40-46,SQ-EMCA-Branco-Chumbo-Cinza-40-46,30.0
630,SQ-EMCA-Branco-Chumbo-Cinza-40-46,SQ-EMCA-Branco-Chumbo-Cinza-38-46-3 Pares,30.0
631,SQ-EMCA-Preta-Branca-Chumbo-40-46,SQ-EMCA-Preta-Branca-Chumbo-40-46,30.0
632,SQ-EMCA-Preta-Branca-Chumbo-40-46,SQ-EMCA-Preta-Branca-Chumbo-40-46,30.0
633,SQ-EMCA-Preta-Branca-Chumbo-40-46,SQ-EMCA-Preta-Branca-Chumbo,30.0
634,SQ-EMCA-Preta-Branca-Chumbo-40-46,SQ-EMCA-Preta-Branca-Chumbo-38-46-3 Pares,30.0
635,SQ-EMCA-Preta-Branca-Chumbo-40-46,SQ-EMCA-Preta-Branca-Chumbo-40-46,30.0
636,SQ-EMCA-Cinza-Preta-Branco-40-46,SQ-EMCA-Cinza-Preta-Branco-40-46,30.0
637,SQ-EMCA-Cinza-Preta-Branco-40-46,SQ-EMCA-Cinza-Preta-Branco-40-46,30.0
638,SQ-EMCA-Cinza-Preta-Branco-40-46,SQ-EMCA-Cinza-Preta-Branco-40-46,30.0
639,SQ-EMCA-Cinza-Preta-Branco-40-46,SQ-EMCA-Cinza-Preta-Branco-38-46-6 Pares,30.0
640,SQ-EMCA-Cinza-Preta-Branco-40-46,SQ-EMCA-Cinza-Preta-Branco-38-46-3 Pares,30.0
641,SQ-EMCA-Chumbo-Cinza-Preta-40-46,SQ-EMCA-Chumbo-Cinza-Preta-40-46,33.0
642,SQ-EMCA-Chumbo-Cinza-Preta-40-46,SQ-EMCA-Chumbo-Cinza-Preta-40-46,33.0
643,SQ-EMCA-Chumbo-Cinza-Preta-40-46,SQ-EMCA-Chumbo-Cinza-Preta-38-46-3 Pares,33.0
644,SQ-EMCA-Chumbo-Cinza-Preta-40-46,SQ-EMCA-Chumbo-Cinza-Preta-40-46,33.0
645,SP-MP-40-46,SP-MP-40-46,33.0
646,SP-MP-40-46,SP-MP-40-46,33.0
647,JSQ-BP-Preto-31-35,JSQ-BP-Preto-31-35,33.0
648,JSQ-BP-Preto-31-35,JSQ-BP-Preto-31-35,33.0
649,JSQ-BP-Branco-31-35,JSQ-BP-Branco-31-35,33.0
650,JSQ-BP-Branco-31-35,JSQ-BP-Branco-31-35,33.0
651,JSQ-BP-Branco-31-35,JSQ-BP-Branco-31-35,33.0
652,SPT-RF04-35-40,SPT-RF04-35-40,33.0
653,SQ-MB-40-46,SQ-MB-40-46,33.0
654,SQ-MB-40-46,SQ-MB-40-46,33.0
655,QS-LM-M02-Preto-40-46,01-QS-LM-02-PRETO,15.0
656,QS-LM-M02-Branco-40-46,02-QS-LM-02-BRANCO,15.0
657,QS-LM-M02-Branco-40-46,QS-LM-M02-Branco-40-46,15.0
658,MALG-M01-Cinza-40-46,MALG-M01-Cinza-40-46*1,15.0
659,MALG-M01-Cinza-40-46,MALG-M01-Cinza-escuro-38-46-1 Par,15.0
660,MALG-M01-Cinza-40-46,MALG-M01-Cinza-40-46,15.0
661,MALG-M01-Cinza-40-46,MALG-M01-Cinza-40-46,15.0
662,MALG-M01-Preto-40-46,MALG-M01-Preta-38-46-1 Par,15.0
663,MALG-M01-Preto-40-46,MALG-M01-Preto-38-46-1 Par,15.0
664,MALG-M01-Preto-40-46,MALG-M01-Preto-40-46,15.0
665,MALG-M01-Preto-40-46,MALG-M01-Preto-40-46,15.0
666,MALG-M01-Preto-40-46,MALG-M01-Preto-37-46-20 Pares,15.0
667,MALG-M01-Branco-40-46,MALG-M01-Branca-38-46-1 Par,15.0
668,MALG-M01-Branco-40-46,MALG-M01-Branco-40-46,15.0
669,MALG-M01-Branco-40-46,MALG-M01-Branco-40-46,15.0
670,MALG-MC-1-Azul-40-46,MALG-MC-1-Azul-40-46,15.0
671,MALG-MC-1-Azul-40-46,MALG-MC-1-Azul-40-46,15.0
672,MALG-MC-1-Cinza-40-46,MALG-MC-1-Cinza-40-46,15.0
673,MALG-MC-1-Cinza-40-46,MALG-MC-1-Cinza-40-46,15.0
674,MALG-MC-1-Cinza-40-46,MALG-MC-1-Cinza-40-46,15.0
675,MALG-MC-1-Cinza-40-46,MALG-MC-1-Cinza-40-46*3,15.0
676,MALG-MC-1-Preto-40-46,MALG-MC-1-Preto-40-46,15.0
677,MALG-MC-1-Preto-40-46,MALG-MC-1-Preto-40-46,15.0
678,MALG-MC-1-Preto-40-46,1734162141383656715,15.0
679,MALG-MC-1-Branco-40-46,MALG-MC-1-Branco-40-46,15.0
680,MALG-MC-1-Branco-40-46,MALG-MC-1-Branco-40-46,15.0
681,ME-10-Cachorro- Caramelo-35-40,1733691090775409931,15.0
682,ME-10-Cachorro- Caramelo-35-40,ME-10-Cachorro- Caramelo-35-40,15.0
683,ME-10-Cachorro- Caramelo-35-40,ME-10-CACHORRO-CARAMELO-1PAR,15.0
684,ME-10-Cachorro- Caramelo-35-40,ME-10-Cachorro- Caramelo-35-40-30-38-1 Par,15.0
685,ME-10-Cachorro-Rosa-35-40,ME-10-Cachorro-Rosa-35-40-33-40-1 Par,28.1923
686,ME-10-Cachorro-Rosa-35-40,ME-10-Cachorro-Rosa-35-40-30-38-1 Par,28.1923
687,ME-10-Cachorro-Rosa-35-40,ME-10-CACHORRO ROSA-1PAR,28.1923
688,ME-10-Cachorro-Rosa-35-40,ME-10-Cachorro-Rosa-35-40,28.1923
689,ME-10-Cachorro-Rosa-35-40,ME-10-Cachorro Rosa-1 PAR,28.1923
690,ME-10-Cachorro-Rosa-35-40,ME-10-Cachorrinha Lilas e Rosa-35-40,28.1923
691,ME-10-Unicornio-35-40,ME-10-Unicornio-35-40,28.098
692,ME-10-Unicornio-35-40,ME-10-Unicornio-35-40-33-40-1 Par,28.098
693,ME-10-Unicornio-35-40,ME-10-Unicornio-35-40,28.098
694,ME-10-Unicornio-35-40,ME-10-UNICORNIO-1PAR,28.098
695,ME-10-Unicornio-35-40,ME-10-Unicornio-35-40-30-38-1 Par,28.098
696,ME-10-Coelho-35-40,ME-10-COELHO-1  PAR,28.1923
697,ME-10-Coelho-35-40,ME-10-Coelho-35-40,28.1923
698,ME-10-Coelho-35-40,ME-10-Coelho-35-40,28.1923
699,ME-10-Coelho-35-40,ME-10-Coelho-32-40-1 Par,28.1923
700,ME-10-Coelho-35-40,ME-10-COELHO-1PAR,28.1923
701,ME-10-Coelho-35-40,ME-10-Coelho-35-40,28.1923
702,ME-10-Coelho-35-40,ME-10-Coelho-Rosa-35-40,28.1923
703,ME-10-Coelho-35-40,ME-10-Coelho-35-40,28.1923
704,ME-10-Coelho-35-40,ME-10-Coelho-35-40-30-38-1 Par,28.1923
705,ME-10-Coelho-35-40,ME-10-Coelho-35-40,28.1923
706,CC-FC04-Lilas -35-40,CC-FC04-Lilas -35-40,28.1923
707,CC-FC04-Azul-Claro -35-40,CC-FC04-Azul-Claro -35-40,28.1923
708,CC-FC04-Rosa-35-40,CC-FC04-Rosa-35-40,28.1923
709,CC-FC04-Cinza-35-40,CC-FC04-Cinza-35-40,28.1923
710,CC-FC04-Preto-35-40,CC-FC04-Preto-35-40,28.1923
711,CC-FC04-Branco-35-40,CC-FC04-Branco-35-40,28.0
712,MASG-MC-Azul -40-46,MASG-MC-Azul -40-46,28.098
713,MASG-MC-Azul -40-46,MASG-MC-Azul -40-46,28.098
714,MASG-MC-Azul -40-46,MASG-MC-Azul -40-46,28.098
715,MASG-MC-Azul -40-46,MASG-MC-Azul-38-46-Kit 1 Par,28.098
716,MASG-MC-Azul -40-46,MASG-MC,28.098
717,MASG-MC-Azul Escuro-40-46,MASG-MC-Azul Escuro-40-46,28.0
718,MASG-MC-Azul Escuro-40-46,MASG-MC-Azul Escuro-40-46,28.0
719,MASG-MC-Azul Escuro-40-46,MASG-MC-Azul Escuro-40-46,28.0
720,MASG-MC-Azul Escuro-40-46,MASG-MC-Azul Escuro-38-46-Kit 1 Par,28.0
721,MASG-MC-Vermelho-40-46,MASG-MC-Vermelho-40-46,28.1923
722,MASG-MC-Vermelho-40-46,MASG-MC-Vermelho-40-46,28.1923
723,MASG-MC-Vermelho-40-46,MASG-MC-Vermelho-40-46,28.1923
724,MASG-MC-Vermelho-40-46,MASG-MC-Vermelho-38-46-Kit 1 Par,28.1923
725,MASG-MC-Preto-40-46,MASG-MC-Preto-40-46,28.1923
726,MASG-MC-Preto-40-46,MASG-MC-Preto-40-46,28.1923
727,MASG-MC-Preto-40-46,MASG-MC-Preto-40-46,28.1923
728,MASG-MC-Preto-40-46,MASG-MC-Preto-38-46-Kit 1 Par,28.1923
729,MASG-MC-Preto-40-46,MASG-MC-Preto-38-46-Kit 1 Par,28.1923
730,MASG-MC-Preto-40-46,MASG-MC-Preto-38-46-Kit 3 Pares,28.1923
731,MASG-MC-Preto-40-46,MASG-MC-Azul Escuro-38-46-Kit 1 Par,28.1923
732,MASG-MC-Branco-40-46,MASG-MC-Branco-40-46,28.098
733,MASG-MC-Branco-40-46,MASG-MC-Branco-40-46,28.098
734,MASG-MC-Branco-40-46,MASG-MC-Branco-40-46,28.098
735,MASG-MC-Branco-40-46,MASG-MC-Branco-38-46-Kit 1 Par,28.098
736,MASG-MC-Branco-40-46,MASG-MC-Branco-38-46-Kit 1 Par,28.098
737,MALG-MC -Azul -40-46,MALG-MC -Azul -40-46,28.1923
738,MALG-MC -Azul -40-46,MALG-MC -Azul -40-46,28.1923
739,MALG-MC -Azul -40-46,MALG-MC-Azul-40-46-Peça Unitaria,28.1923
740,MALG-MC -Azul -40-46,MALG-MC-AZUL,28.1923
741,MALG-MC -Azul -40-46,MALG-MC-Azul-40-46-Peça Unitaria,28.1923
742,MALG-MC -Laranja-40-46,MALG-MC -Laranja-40-46,28.1923
743,MALG-MC -Laranja-40-46,MALG-MC -Laranja-40-46,28.1923
744,MALG-MC -Laranja-40-46,MALG-MC-Laranja-40-46-Peça Unitaria,28.1923
745,MALG-MC -Laranja-40-46,MALG-MC-LARANJA,28.1923
746,MALG-MC -Verde-40-46,MALG-MC -Verde-40-46,28.0
747,MALG-MC -Verde-40-46,MALG-MC -Verde-40-46,28.0
748,MALG-MC -Verde-40-46,MALG-MC-Verde-40-46-Peça Unitaria,28.0
749,MALG-MC -Verde-40-46,MALG-MC-VERDE,28.0
750,MALG-MC -Verde-40-46,MALG-MC-Verde-40-46-Peça Unitaria,28.0
751,MALG-MC -Vermelho-40-46,MALG-MC -Vermelho-40-46,25.0
752,MALG-MC -Vermelho-40-46,MALG-MC -Vermelho-40-46,25.0
753,MALG-MC -Vermelho-40-46,MALG-MC-Vermelho-40-46-Peça Unitaria,25.0
754,MALG-MC -Vermelho-40-46,MALG-MC-VERMELHO,25.0
755,MALG-MC -Preto-40-46,MALG-MC -Preto-40-46,25.0
756,MALG-MC -Preto-40-46,MALG-MC -Preto-40-46,25.0
757,MALG-MC -Preto-40-46,MALG-MC-Preto-40-46-Peça Unitaria,25.0
758,MALG-MC -Preto-40-46,MALG-MC-PRETO,25.0
759,MALG-MC -Preto-40-46,MALG-MC-Preto-40-46-Peça Unitaria,25.0
760,MALG-MC -Branco-40-46,MALG-MC -Branco-40-46,25.0
761,MALG-MC -Branco-40-46,MALG-MC -Branco-40-46,25.0
762,MALG-MC -Branco-40-46,MALG-MC-1-Branco-40-46,25.0
763,MALG-MC -Branco-40-46,MALG-MC-Branco-40-46-Peça Unitaria,25.0
764,MALG-MC -Branco-40-46,MALG-MC-BRANCO,25.0
765,MA-M-Azul -40-46,MA-M-Azul -40-46,25.0
766,MA-M-Azul -40-46,MA-M-Azul -40-46,25.0
767,MA-M-Azul -40-46,MA-M-Azul -40-46,25.0
768,MA-M-Azul -40-46,MA-M-Azul -40-46,25.0
769,MA-M-Azul -40-46,MA-M-AZUL,25.0
770,MA-M-Azul -40-46,MA-M-Azul-1 Par-40-46,25.0
771,MA-M-Azul -40-46,MA-M-Azul -40-46,25.0
772,MA-M-Verde-40-46,MA-M-Verde-40-46,25.0
773,MA-M-Verde-40-46,MA-M-Verde-40-46,25.0
774,MA-M-Verde-40-46,MA-M-Verde-40-46,25.0
775,MA-M-Verde-40-46,MA-M-Verde-40-46-1 Par,25.0
776,MA-M-Vermelho-40-46,MA-M-Vermelho-40-46,25.7987
777,MA-M-Vermelho-40-46,MA-M-Vermelho-40-46,25.7987
778,MA-M-Vermelho-40-46,MA-M-Vermelho-40-46,25.7987
779,MA-M-Vermelho-40-46,MA-M-VERMELHO,25.7987
780,MA-M-Vermelho-40-46,MA-M-Vermelho-1 Par-40-46,25.7987
781,MA-M-Preto-40-46,MA-M-Preto-40-46,25.1563
782,MA-M-Preto-40-46,MA-M-Preto-40-46,25.1563
783,MA-M-Preto-40-46,MA-M-Preto-40-46,25.1563
784,MA-M-Preto-40-46,MA-M-Preto-40-46,25.1563
785,MA-M-Preto-40-46,MA-M-Preto-40-46-1 Par,25.1563
786,MA-M-Preto-40-46,MA-M-Preto-40-46-1 Par,25.1563
787,MA-M-Preto-40-46,MA-M-PRETO,25.1563
788,MA-M-Preto-40-46,MA-M-Preto-40-46-1 Par,25.1563
789,MA-M-Preto-40-46,MA-M-Preto-1 Par-40-46,25.1563
790,MA-M-Preto-40-46,MA-M-Preto-40-46,25.1563
791,MA-M-Branco-40-46,MA-M-Branco-40-46,25.0
792,MA-M-Branco-40-46,MA-M-Branco-40-46,25.0
793,MA-M-Branco-40-46,MA-M-Branco-40-46,25.0
794,MA-M-Branco-40-46,MA-M-Branco-40-46,25.0
795,MA-M-Branco-40-46,MA-M-BRANCO,25.0
796,LG-FDD01 -Roxo-35-40,LG-FDD01 -Roxo-35-40,25.0
797,LG-FDD01 -Roxo-35-40,LG-FDD01-ROXO,25.0
798,LG-FDD01 -Branco Leitoso-35-40,LG-FDD01 -Branco Leitoso-35-40,25.0
799,LG-FDD01 -Rosa-Claro -35-40,LG-FDD01 -Rosa-Claro -35-40,25.08
800,LG-FDD01 -Rosa-35-40,LG-FDD01 -Rosa-35-40,25.0741
801,LG-FDD01 -Cinza-35-40,LG-FDD01 -Cinza-35-40,25.0807
802,LG-FDD01 -Verde-35-40,LG-FDD01 -Verde-35-40,25.5595
803,LG-FDD01 -Preto-35-40,LG-FDD01 -Preto-35-40,25.0
804,CM-F-K01-Branco-Leitoso-35-40,CM-F-K01-Branco-Leitoso-35-40,25.1191
805,CM-F-K01-Rosa-Bebê-Claro-35-40,CM-F-K01-Rosa-Bebê-Claro-35-40,25.1146
806,CM-F-K01-Rosa-Salmão-35-40,CM-F-K01-Rosa-Salmão-35-40,25.0345
807,LG-FLA-Preto-Cinza-35-40,LG-FLA-Preto-Cinza-35-40,27.1951
808,LG-FLA-Preto-Cinza-35-40,LG-FLA-Preto-Cinza-35-40,27.1951
809,LG-FLA-Chumbo-Cinza-35-40,LG-FLA-Chumbo-Cinza-35-40,27.0
810,LG-FLA-Chumbo-Cinza-35-40,LG-FLA-Chumbo Cinza-34-40-1 Par,27.0
811,LG-FLA-Rosa-Bege-35-40,LG-FLA-Rosa-Bege-35-40,27.381
812,LG-FLA-Rosa-Bege-35-40,LG-FLA-Rosa-Bege-35-40,27.381
813,LG-FLA-Preto-Chumbo -35-40,LG-FLA-Preto-Chumbo -35-40,25.0
814,LG-FLA-Cinza-Azul-35-40,LG-FLA-Cinza-Azul-35-40,25.5556
815,LG-FLA-Cinza-Azul-35-40,LG-FLA-Cinza-Azul-35-40,25.5556
816,LG-FLA-Preto-Rosa-35-40,LG-FLA-Preto-Rosa-35-40,25.2941
817,LG-FLA-Preto-Rosa-35-40,LG-FLA-Preto-Rosa-35-40,25.2941
818,LG-FLA-Lilas-Roxo-35-40,LG-FLA-Lilas-Roxo-35-40,25.5556
819,LG-FLA-Lilas-Roxo-35-40,LG-FLA-Lilas-Roxo-35-40,25.5556
820,LG-FLA-Branco-Azul-35-40,LG-FLA-Branco-Azul-35-40,25.0
821,LG-FLA-Branco-Azul-35-40,LG-FLA-Branco-Azul-35-40,25.0
822,LM-FX02-Branco Leitoso-35-40,LM-FX02-Branco Leitoso-35-40,18.0
823,LM-FX02-Cinza-Mesclado -35-40,LM-FX02-Cinza-Mesclado -35-40,18.0
824,LM-FX02-Azul -35-40,LM-FX02-Azul -35-40,18.0
825,LM-FX02-Cinza-35-40,LM-FX02-Cinza-35-40,18.0
826,LM-FX02-Preto-35-40,LM-FX02-Preto-35-40,18.0
827,LM-FX02-Rosa-35-40,LM-FX02-Rosa-35-40,29.7
828,AS-F-Cinza-Listrado-35-40,AS-F-Cinza-Listrado-35-40,29.7
829,AS-F-Cinza-Listrado-35-40,AS-F-Cinza-Listrado-35-40,29.7
830,AS-F-Cinza-Listrado-35-40,AS-F-Cinza-Listrado-35-40,29.7
831,AS-F-Cinza-Listrado-35-40,AS-F-Kit 1 Par Sortido-35-40,29.7
832,AS-F-Cinza-Listrado-35-40,AS-F-Cinza-Listrado-35-40,29.7
833,AS-F-Rosa-Sorvete-35-40,AS-F-Rosa-Sorvete-35-40,6.0
834,AS-F-Rosa-Sorvete-35-40,AS-F-Rosa-Sorvete-35-40,6.0
835,AS-F-Rosa-Sorvete-35-40,AS-F-Rosa-Sorvete-35-40,6.0
836,AS-F-Preto-Donuts-35-40,AS-F-Preto-Donuts-35-40,6.0
837,AS-F-Preto-Donuts-35-40,AS-F-Preto-Donuts-35-40,6.0
838,AS-F-Preto-Donuts-35-40,AS-F-Kit 1 Par Sortido-35-40,6.0
839,AS-F-Preto-Donuts-35-40,AS-F-Preto-Donuts-35-40,6.0
840,AS-F-Preto-Donuts-35-40,AS-F-Preto-Donuts-35-40*3,6.0
841,AS-F-Cinza-Floco-De-Neve-35-40,AS-F-Cinza-Floco-De-Neve-35-40,25.0
842,AS-F-Cinza-Floco-De-Neve-35-40,AS-F-Cinza-Floco-De-Neve-35-40,25.0
843,AS-F-Cinza-Floco-De-Neve-35-40,AS-F-Cinza-Floco-De-Neve-35-40,25.0
844,AS-F-Cinza-Floco-De-Neve-35-40,AS-F-Cinza-Floco-De-Neve-35-40,25.0
845,AS-F-Rosa-Morango -35-40,AS-F-Rosa-Morango -35-40,25.0
846,AS-F-Rosa-Morango -35-40,AS-F-Rosa-Morango -35-40,25.0
847,AS-F-Rosa-Morango -35-40,AS-F-Rosa-Morango -35-40,25.0
848,AS-F-Rosa-Morango -35-40,AS-F-Rosa-Morango -35-40,25.0
849,AS-F-Rosa-Hamster-35-40,AS-F-Rosa-Hamster-35-40,25.0
850,AS-F-Rosa-Hamster-35-40,AS-F-Rosa-Hamster-35-40,25.0
851,AS-F-Rosa-Hamster-35-40,AS-F-Rosa-Hamster-35-40,25.0
852,AS-F-Rosa-Hamster-35-40,AS-F-Rosa-Hamster-35-40,25.0
853,AS-F-Cinza-Cupcake-35-40,AS-F-Cinza-Cupcake-35-40,25.0
854,AS-F-Cinza-Cupcake-35-40,AS-F-Cinza-Cupcake-35-40,25.0
855,AS-F-Cinza-Cupcake-35-40,AS-F-Cinza-Cupcake-35-40,25.0
856,AS-F-Preto-Rena-35-40,AS-F-Preto-Rena-35-40,25.0
857,AS-F-Preto-Rena-35-40,AS-F-Preto-Rena-35-40,25.0
858,AS-F-Preto-Rena-35-40,AS-F-Preto-Rena-35-40,25.0
859,AS-F-Rosa-Algodao-Doce-35-40,AS-F-Rosa-Algodao-Doce-35-40,18.0
860,AS-F-Rosa-Algodao-Doce-35-40,AS-F-Rosa-Algodao-Doce-35-40,18.0
861,AS-F-Rosa-Algodao-Doce-35-40,AS-F-Rosa-Algodao-Doce-35-40,18.0
862,AS-F-Preto-Cereja -35-40,AS-F-Preto-Cereja -35-40,18.0
863,AS-F-Preto-Cereja -35-40,AS-F-Preto-Cereja -35-40,18.0
864,AS-F-Preto-Cereja -35-40,AS-F-Preto-Cereja -35-40,18.0
865,AS-F-Cinza-Coracoes -35-40,AS-F-Cinza-Coracoes -35-40,18.0
866,AS-F-Cinza-Coracoes -35-40,AS-F-Cinza-Coracoes -35-40,18.0
867,AS-F-Cinza-Coracoes -35-40,AS-F-Cinza-Coracoes -35-40,18.0
868,AS-F-Rosa-Melancia -35-40,AS-F-Rosa-Melancia -35-40,18.0
869,AS-F-Rosa-Melancia -35-40,AS-F-Rosa-Melancia -35-40,18.0
870,AS-F-Rosa-Melancia -35-40,AS-F-Rosa-Melancia -35-40,18.0
871,CM-F-K01-Rosa-35-40,CM-F-K01-Rosa-35-40,18.0
872,CM-F-K01-Preto-35-40,CM-F-K01-Preto-35-40,27.3235
873,QS-LM-VC01-Azul-Fosco -35-40,QS-LM-VC01-Azul-Fosco -35-40,6.0
874,QS-LM-VC01-Azul-Fosco -35-40,QS-LM-VC01-Azul-Fosco -35-40,6.0
875,QS-LM-VC01-Azul-Fosco -35-40,QS-LM-VC01-Azul-Fosco -35-40,6.0
876,QS-LM-VC01-Azul-Fosco -35-40,QS-LM-VC01-Azul-Fosco -35-40,6.0
877,QS-LM-VC01-Lilas -35-40,QS-LM-VC01-Lilas -35-40,6.0
878,QS-LM-VC01-Lilas -35-40,QS-LM-VC01-Lilas -35-40,6.0
879,QS-LM-VC01-Lilas -35-40,QS-LM-VC01-Lilas -35-40,6.0
880,QS-LM-VC01-Lilas -35-40,QS-LM-VC01-Lilas -35-40,6.0
881,QS-LM-VC01-Lilas -35-40,QS-LM-VC01-Lilas -35-40,6.0
882,QS-LM-VC01-Rosa-35-40,QS-LM-VC01-Rosa-35-40,6.0
883,QS-LM-VC01-Rosa-35-40,QS-LM-VC01-Rosa-35-40,6.0
884,QS-LM-VC01-Rosa-35-40,QS-LM-VC01-Rosa-35-40,6.0
885,QS-LM-VC01-Rosa-35-40,QS-LM-VC01-Rosa-35-40,6.0
886,QS-LM-VC01-Rosa-35-40,QS-LM-VC01-Rosa-35-40,6.0
887,QS-LM-VC01-Pink -35-40,QS-LM-VC01-Pink -35-40,6.0
888,QS-LM-VC01-Pink -35-40,QS-LM-VC01-Pink -35-40,6.0
889,QS-LM-VC01-Pink -35-40,QS-LM-VC01-Pink -35-40,6.0
890,QS-LM-VC01-Pink -35-40,QS-LM-VC01-Pink -35-40,6.0
891,QS-LM-VC01-Roxo -35-40,QS-LM-VC01-Roxo -35-40,6.0
892,QS-LM-VC01-Roxo -35-40,QS-LM-VC01-Roxo -35-40,6.0
893,QS-LM-VC01-Roxo -35-40,QS-LM-VC01-Roxo -35-40,6.0
894,QS-LM-VC01-Roxo -35-40,QS-LM-VC01-Roxo -35-40,6.0
895,QS-LM-VC01-Lavanda-35-40,QS-LM-VC01-Lavanda-35-40,6.0
896,QS-LM-VC01-Lavanda-35-40,QS-LM-VC01-Lavanda-35-40,6.0
897,QS-LM-VC01-Lavanda-35-40,QS-LM-VC01-Lavanda-35-40,6.0
898,QS-LM-VC01-Lavanda-35-40,QS-LM-VC01-Lavanda-35-40,6.0
899,QS-LM-VC01-Lavanda-35-40,QS-LM-VC01-Roxo -35-40,6.0
900,QS-LM-VC01-Lavanda-35-40,QS-LM-VC01-Lavanda-35-40,6.0
901,QS-LM-VC01-Ciano-35-40,QS-LM-VC01-Ciano-35-40,6.0
902,QS-LM-VC01-Ciano-35-40,QS-LM-VC01-Ciano-35-40,6.0
903,QS-LM-VC01-Ciano-35-40,QS-LM-VC01-Ciano-35-40,6.0
904,QS-LM-VC01-Ciano-35-40,QS-LM-VC01-Ciano-35-40,6.0
905,QS-LM-VC01-Ciano-35-40,QS-LM-VC01-Ciano-35-40,6.0
906,QS-LM-VC01-Amarelo -35-40,QS-LM-VC01-Amarelo -35-40,6.0
907,QS-LM-VC01-Amarelo -35-40,QS-LM-VC01-Amarelo -35-40,6.0
908,QS-LM-VC01-Amarelo -35-40,QS-LM-VC01-Amarelo -35-40,6.0
909,QS-LM-VC01-Amarelo -35-40,QS-LM-VC01-Amarelo -35-40,6.0
910,QS-LM-VC01-Amarelo -35-40,QS-LM-VC01-Amarelo -35-40,6.0
911,QS-LM-VC01-Bege-35-40,QS-LM-VC01-Bege-35-40,4.0
912,QS-LM-VC01-Bege-35-40,QS-LM-VC01-Bege-35-40,4.0
913,QS-LM-VC01-Bege-35-40,QS-LM-VC01-Bege-35-40,4.0
914,QS-LM-VC01-Bege-35-40,QS-LM-VC01-Bege-35-40,4.0
915,QS-LM-VC01-Bege-35-40,QS-LM-VC01-Bege-35-40,4.0
916,QS-LM-VC01-Verde-Musgo-35-40,QS-LM-VC01-Verde-Musgo-35-40,26.0
917,QS-LM-VC01-Verde-Musgo-35-40,QS-LM-VC01-Verde-Musgo-35-40,26.0
918,QS-LM-VC01-Verde-Musgo-35-40,QS-LM-VC01-Verde-Musgo-35-40,26.0
919,QS-LM-VC01-Verde-Musgo-35-40,QS-LM-VC01-Verde-Musgo-35-40,26.0
920,QS-LM-VC01-Verde-Lima-35-40,QS-LM-VC01-Verde-Lima-35-40,26.0
921,QS-LM-VC01-Verde-Lima-35-40,QS-LM-VC01-Verde-Lima-35-40,26.0
922,QS-LM-VC01-Verde-Lima-35-40,QS-LM-VC01-Verde-Lima-35-40,26.0
923,QS-LM-VC01-Verde-Lima-35-40,QS-LM-VC01-Verde-Lima-35-40,26.0
924,QS-LM-VC01-Verde-Escuro -35-40,QS-LM-VC01-Verde-Escuro -35-40,26.0
925,QS-LM-VC01-Verde-Escuro -35-40,QS-LM-VC01-Verde-Escuro -35-40,26.0
926,QS-LM-VC01-Verde-Escuro -35-40,QS-LM-VC01-Verde-Escuro -35-40,26.0
927,QS-LM-VC01-Verde-Escuro -35-40,QS-LM-VC01-Verde-Escuro -35-40,26.0
928,QS-LM-F02-35-40-Roxo,QS-LM-F02-35-40-Roxo,26.0
929,QS-LM-F02-35-40-Roxo,QS-LM-F02-35-40-Roxo,26.0
930,QS-LM-F02-35-40-Roxo,QS-LM-F02-35-40-Roxo,26.0
931,QS-LM-F02-35-40-Roxo,QS-LM-F02-Roxo Gradiente-35-42-2 Pares,26.0
932,QS-LM-F02-35-40-Azul,QS-LM-F02-35-40-Azul,26.8
933,QS-LM-F02-35-40-Azul,QS-LM-F02-35-40-Azul,26.8
934,QS-LM-F02-35-40-Azul,QS-LM-F02-35-40-Azul,26.8
935,QS-LM-F02-35-40-Azul,QS-LM-F02-Azul Gradiente-35-42-4 pares,26.8
936,QS-LM-F02-35-40-Azul,QS-LM-F02-Azul Gradiente-35-42-2 Pares,26.8
937,QS-LM-F02-35-40-Azul,QS-LM-F02-Azul Gradiente-35-42-1 Par,26.8
938,QS-LM-F02-35-40-Amarelo,QS-LM-F02-35-40-Amarelo,26.0
939,QS-LM-F02-35-40-Amarelo,QS-LM-F02-35-40-Amarelo,26.0
940,QS-LM-F02-35-40-Amarelo,QS-LM-F02-35-40-Amarelo,26.0
941,QS-LM-F02-35-40-Amarelo,QS-LM-F02-35-40-Amarelo,26.0
942,QS-LM-F02-35-40-Amarelo,QS-LM-F02-Amarelo Gradiente-35-42-1 Par,26.0
943,QS-LM-F02-35-40-Verde,QS-LM-F02-35-40-Verde,10.0
944,QS-LM-F02-35-40-Verde,QS-LM-F02-35-40-Verde,10.0
945,QS-LM-F02-35-40-Verde,QS-LM-F02-35-40-Verde,10.0
946,QS-LM-F02-35-40-Verde,QS-LM-F02-Verde Gradiente-35-42-1 Par,10.0
947,QS-LM-F02-35-40-Preto,QS-LM-F02-35-40-Preto,10.0
948,QS-LM-F02-35-40-Preto,QS-LM-F02-35-40-Preto,10.0
949,QS-LM-F02-35-40-Preto,QS-LM-F02-35-40-Preto,10.0
950,QS-LM-F02-35-40-Branco,QS-LM-F02-35-40-Branco,10.0
951,QS-LM-F02-35-40-Branco,QS-LM-F02-35-40-Branco,10.0
952,QS-LM-F02-35-40-Branco,QS-LM-F02-35-40-Branco,10.0
953,LM-FX01-Creme-35-40,LM-FX01-Creme-35-40,10.0
954,LM-FX01-Rosa-35-40,LM-FX01-Rosa-35-40,10.0
955,LM-FX01-Azul -35-40,LM-FX01-Azul -35-40,10.0
956,LM-FX01-Cinza-35-40,LM-FX01-Cinza-35-40,10.0
957,LM-FX01-Verde-35-40,LM-FX01-Verde-35-40,10.0
958,LM-FX01-Preto-35-40,LM-FX01-Preto-35-40,10.0
959,LG-MB-Branco-40-46,LG-MB-Branco-40-46,3.25
960,LG-MP-Preto-40-46,LG-MP-Preto-40-46,1.3333
961,HM-BAF-Rosa-35-41,HM-BAF-Rosa-35-41,3.75
962,HM-BAF-Rosa-35-41,HM-BAF-Rosa-35-41,3.75
963,HM-BAF-Rosa-35-41,HM-BAF-Rosa-1 Par,3.75
964,HM-BAF-Rosa-35-41,HM-BAF-PINK,3.75
965,HM-BAF-Rosa-35-41,HM-BAF-Rosa-1 Par,3.75
966,HM-BAF-Preto-35-41,HM-BAF-Preto-35-41,1.25
967,HM-BAF-Preto-35-41,HM-BAF-Preto-35-41,1.25
968,HM-BAF-Preto-35-41,HM-BAF-Preto-35-41,1.25
969,HM-BAF-Preto-35-41,HM-BAF-Preto-35-41,1.25
970,HM-BAF-Preto-35-41,HM-BAF-Preto-1 Par,1.25
971,HM-BAF-Preto-35-41,HM-BAF-Preto-1 Par,1.25
972,HM-BAF-Preto-35-41,HM-BAF-PRETO,1.25
973,HM-BAF-Chumbo -35-41,HM-BAF-Chumbo -35-41,1.0833
974,HM-BAF-Chumbo -35-41,HM-BAF-Chumbo -35-41,1.0833
975,HM-BAF-Chumbo -35-41,HM-BAF-Cores Sortidas-1 Par,1.0833
976,HM-BAF-Chumbo -35-41,HM-BAF-GRAFITE,1.0833
977,HM-BAF-Chumbo -35-41,HM-BAF-Chumbo -35-41,1.0833
978,SPTD-F-Lavanda-Rosa-Bebe-Cinza-35-40,SPTD-F-Lavanda-Rosa-Bebe-Cinza-35-40,1.3333
979,SPTD-F-Lavanda-Rosa-Bebe-Cinza-35-40,SPTD-F-Lavanda-Rosa-Bebe-Cinza-35-40,1.3333
980,SPTD-F-Lavanda-Rosa-Bebe-Cinza-35-40,SPTD-F-Lavanda-Rosa-Bebe-Cinza-35-40,1.3333
981,SPTD-F-Lavanda-Rosa-Bebe-Cinza-35-40,SPTD-F-Lavanda-Rosa-Bebe-Cinza-35-40,1.3333
982,SPTD-F-Lavanda-Rosa-Bebe-Cinza-35-40,SPTD-F-Lavanda-Rosa-Bebe-Cinza-35-40,1.3333
983,SPTD-F-Preto-Cinza-Pink-35-40,SPTD-F-Preto-Cinza-Pink-35-40,2.997
984,SPTD-F-Preto-Cinza-Pink-35-40,SPTD-F-Preto-Cinza-Pink-35-40,2.997
985,SPTD-F-Preto-Cinza-Pink-35-40,SPTD-F-Preto-Cinza-Pink-35-40,2.997
986,SPTD-F-Preto-Cinza-Pink-35-40,SPTD-F-Preto-Cinza-Pink-35-40,2.997
987,SPTD-F-Azul-Lavanda-Rosa-35-40,SPTD-F-Azul-Lavanda-Rosa-35-40,0.9167
988,SPTD-F-Azul-Lavanda-Rosa-35-40,SPTD-F-Azul-Lavanda-Rosa-35-40,0.9167
989,SPTD-F-Azul-Lavanda-Rosa-35-40,SPTD-F-Azul-Lavanda-Rosa-35-40,0.9167
990,SPTD-F-Azul-Lavanda-Rosa-35-40,SPTD-F-Azul-Lavanda-Rosa-35-40,0.9167
991,SPTD-F-Azul-Lavanda-Rosa-35-40,SPTD-F-Sortidas Femininas-34-40-3 Pares,0.9167
992,SPTD-F-Caqui-Rosa-Chumbo-35-40,SPTD-F-Caqui-Rosa-Chumbo-35-40,1.0833
993,SPTD-F-Caqui-Rosa-Chumbo-35-40,SPTD-F-Caqui-Rosa-Chumbo-35-40,1.0833
994,SPTD-F-Caqui-Rosa-Chumbo-35-40,SPTD-F-Caqui-Rosa-Chumbo-35-40,1.0833
995,SPTD-F-Caqui-Rosa-Chumbo-35-40,SPTD-F-Caqui-Rosa-Chumbo-35-40,1.0833
996,SPTD-F-Caqui-Rosa-Chumbo-35-40,SPTD-F-Caqui-Rosa-Chumbo-35-40,1.0833
997,LM-MX01-Vaca-40-46,LM-MX01-Vaca-40-46,1.25
998,LM-MX01-Creme Crush -40-46,LM-MX01-Creme Crush -40-46,1.2472
999,LM-MX01-Zebra-40-46,LM-MX01-Zebra-40-46,1.25
1000,LM-MX01-Creme Planeta -40-46,LM-MX01-Creme Planeta -40-46,5.9286
1001,LM-MX01-Preto Planeta-40-46,LM-MX01-Preto Planeta-40-46,5.9286
1002,LM-MX01-Preto Crush -40-46,LM-MX01-Preto Crush -40-46,4.5
